category,total,sr_success,sr_rate,r3_success,r3_rate,r3_only,sr_only,both_success,neither
CommenSence,208,5,0.02403846153846154,70,0.33653846153846156,68,3,2,135
M&T,290,15,0.05172413793103448,125,0.43103448275862066,114,4,11,161
PhysicsLaw,29,0,0.0,0,0.0,0,0,0,29
Semantic,165,13,0.07878787878787878,75,0.45454545454545453,66,4,9,86
Spatial,335,3,0.008955223880597015,56,0.16716417910447762,54,1,2,278
