{
  "evaluated_outputs": 13500,
  "by_condition": [
    {
      "condition": "P1",
      "n": 4500,
      "schema_valid": 0.7342222222222222,
      "operation_sequence_exact_match": 0.0,
      "skill_name_accuracy": 0.48036666666666666,
      "action_recall_rate": 0.48926172839506177,
      "action_order_accuracy": 0.24977777777777777,
      "step_level_f1": 0.0,
      "sequence_edit_distance": 2.3993333333333333,
      "latency_s": 3.352731250921885,
      "object_argument_accuracy": 0.0,
      "target_argument_accuracy": 0.0
    },
    {
      "condition": "P2",
      "n": 4500,
      "schema_valid": 0.7982222222222223,
      "operation_sequence_exact_match": 0.132,
      "skill_name_accuracy": 0.5008135802469136,
      "action_recall_rate": 0.5087098765432099,
      "action_order_accuracy": 0.2564444444444444,
      "step_level_f1": 0.3138987493987494,
      "sequence_edit_distance": 1.7313333333333334,
      "latency_s": 3.2827841755019294,
      "object_argument_accuracy": 0.5001855976243504,
      "target_argument_accuracy": 0.7184626436781609
    },
    {
      "condition": "P3",
      "n": 4500,
      "schema_valid": 0.8024444444444444,
      "operation_sequence_exact_match": 0.0,
      "skill_name_accuracy": 0.4543676767676768,
      "action_recall_rate": 0.5613975308641975,
      "action_order_accuracy": 0.27111111111111114,
      "step_level_f1": 0.0,
      "sequence_edit_distance": 2.8297777777777777,
      "latency_s": 3.6206115244759456,
      "object_argument_accuracy": 0.0,
      "target_argument_accuracy": 0.0
    }
  ],
  "gains": [
    {
      "gain": "visual_prompt_gain_P2_minus_P1",
      "operation_sequence_exact_match": 0.132,
      "step_level_f1": 0.3138987493987494
    },
    {
      "gain": "schema_guidance_gain_P3_minus_P1",
      "operation_sequence_exact_match": 0.0,
      "step_level_f1": 0.0
    }
  ]
}