progress_score,count,rate_c1
0.0,85,10.76%
0.3333333333333333,189,23.92%
0.5,515,65.19%
0.6666666666666666,1,0.13%
